{
  "MAE": 1273.590507506171,
  "RMSE": 1971.8793459732403,
  "R2": 0.9681252717311608,
  "MAPE": 11.957074826940968
}
